path,target,prediction,confidence,p_American Robin,p_Northern Cardinal,p_Song Sparrow
wavfiles/128490-0.wav,American Robin,American Robin,0.9828842878341675,0.9828842878341675,0.011380099691450596,0.005735571030527353
wavfiles/128490-1.wav,American Robin,American Robin,0.9767034649848938,0.9767034649848938,0.017975052818655968,0.005321501288563013
wavfiles/128490-2.wav,American Robin,American Robin,0.979048490524292,0.979048490524292,0.010040022432804108,0.010911434888839722
wavfiles/128490-3.wav,American Robin,American Robin,0.9653998017311096,0.9653998017311096,0.013751108199357986,0.020849104970693588
wavfiles/128490-4.wav,American Robin,American Robin,0.9446345567703247,0.9446345567703247,0.03065807744860649,0.024707363918423653
wavfiles/128490-5.wav,American Robin,American Robin,0.9800543785095215,0.9800543785095215,0.014193429611623287,0.005752153228968382
wavfiles/128490-6.wav,American Robin,American Robin,0.8644787669181824,0.8644787669181824,0.028898509219288826,0.10662273317575455
wavfiles/128490-7.wav,American Robin,American Robin,0.9787713885307312,0.9787713885307312,0.007709209341555834,0.013519461266696453
wavfiles/128490-8.wav,American Robin,American Robin,0.7490749359130859,0.7490749359130859,0.05784892663359642,0.19307613372802734
wavfiles/128490-9.wav,American Robin,American Robin,0.9516997337341309,0.9516997337341309,0.03795389086008072,0.010346313007175922
wavfiles/138063-0.wav,American Robin,American Robin,0.9790559411048889,0.9790559411048889,0.01310012862086296,0.007843928411602974
wavfiles/138063-1.wav,American Robin,American Robin,0.9873397350311279,0.9873397350311279,0.008891592733561993,0.0037685956340283155
wavfiles/138063-10.wav,American Robin,American Robin,0.7717530131340027,0.7717530131340027,0.1580391377210617,0.07020788639783859
wavfiles/138063-14.wav,American Robin,American Robin,0.9781494736671448,0.9781494736671448,0.013724139891564846,0.008126392029225826
wavfiles/138063-15.wav,American Robin,American Robin,0.9752184748649597,0.9752184748649597,0.01872171089053154,0.006059783510863781
wavfiles/138063-16.wav,American Robin,American Robin,0.9754146337509155,0.9754146337509155,0.016500428318977356,0.008084983564913273
wavfiles/138063-2.wav,American Robin,American Robin,0.9827882647514343,0.9827882647514343,0.009426573291420937,0.007785148452967405
wavfiles/138063-3.wav,American Robin,American Robin,0.9705920815467834,0.9705920815467834,0.01811397820711136,0.011293918825685978
wavfiles/138063-4.wav,American Robin,American Robin,0.9515731334686279,0.9515731334686279,0.025256726890802383,0.02317020110785961
wavfiles/138063-5.wav,American Robin,American Robin,0.9837252497673035,0.9837252497673035,0.00896255113184452,0.007312196306884289
wavfiles/138063-6.wav,American Robin,American Robin,0.977323055267334,0.977323055267334,0.012745041400194168,0.009931936860084534
wavfiles/138063-7.wav,American Robin,American Robin,0.9326850175857544,0.9326850175857544,0.03373948112130165,0.03357556089758873
wavfiles/138063-8.wav,American Robin,American Robin,0.9674822688102722,0.9674822688102722,0.019863763824105263,0.012653919868171215
wavfiles/138063-9.wav,American Robin,American Robin,0.9807792901992798,0.9807792901992798,0.010363446548581123,0.00885725673288107
wavfiles/165303-0.wav,American Robin,American Robin,0.9825416803359985,0.9825416803359985,0.010079646483063698,0.007378615904599428
wavfiles/165303-1.wav,American Robin,American Robin,0.9714722037315369,0.9714722037315369,0.017566310241818428,0.010961513966321945
wavfiles/165303-10.wav,American Robin,American Robin,0.9867493510246277,0.9867493510246277,0.008062450215220451,0.0051882327534258366
wavfiles/165303-11.wav,American Robin,American Robin,0.9644078016281128,0.9644078016281128,0.02037973515689373,0.015212498605251312
wavfiles/165303-12.wav,American Robin,American Robin,0.9873277544975281,0.9873277544975281,0.007782259024679661,0.004889994859695435
wavfiles/165303-2.wav,American Robin,American Robin,0.9752041101455688,0.9752041101455688,0.014505789615213871,0.010290197096765041
wavfiles/165303-3.wav,American Robin,American Robin,0.9817049503326416,0.9817049503326416,0.01126350648701191,0.007031525019556284
wavfiles/165303-4.wav,American Robin,American Robin,0.9775509238243103,0.9775509238243103,0.015587334521114826,0.006861759815365076
wavfiles/165303-5.wav,American Robin,American Robin,0.9812012314796448,0.9812012314796448,0.007828280329704285,0.010970445349812508
wavfiles/165303-6.wav,American Robin,American Robin,0.9818697571754456,0.9818697571754456,0.01152780931442976,0.006602499634027481
wavfiles/165303-7.wav,American Robin,American Robin,0.9802635312080383,0.9802635312080383,0.011794018559157848,0.007942481897771358
wavfiles/165303-8.wav,American Robin,American Robin,0.9673891663551331,0.9673891663551331,0.02227947488427162,0.010331371799111366
wavfiles/165303-9.wav,American Robin,American Robin,0.9715731143951416,0.9715731143951416,0.02182670123875141,0.006600155960768461
wavfiles/172423-4.wav,American Robin,American Robin,0.9877979159355164,0.9877979159355164,0.008137994445860386,0.004064083565026522
wavfiles/172423-5.wav,American Robin,American Robin,0.984706461429596,0.984706461429596,0.010304730385541916,0.004988738335669041
wavfiles/178008-0.wav,American Robin,American Robin,0.9439101815223694,0.9439101815223694,0.03381696343421936,0.022272838279604912
wavfiles/178008-1.wav,American Robin,American Robin,0.9029792547225952,0.9029792547225952,0.04473602771759033,0.05228470638394356
wavfiles/178008-10.wav,American Robin,Song Sparrow,0.971693217754364,0.012511114589869976,0.015795739367604256,0.971693217754364
wavfiles/178008-11.wav,American Robin,American Robin,0.9596083164215088,0.9596083164215088,0.01877405494451523,0.021617643535137177
wavfiles/178008-12.wav,American Robin,American Robin,0.948316752910614,0.948316752910614,0.02849244326353073,0.023190779611468315
wavfiles/178008-2.wav,American Robin,Song Sparrow,0.7962839007377625,0.13065026700496674,0.07306580990552902,0.7962839007377625
wavfiles/178008-3.wav,American Robin,Song Sparrow,0.9817066788673401,0.010008996352553368,0.008284342475235462,0.9817066788673401
wavfiles/178008-4.wav,American Robin,American Robin,0.9653528332710266,0.9653528332710266,0.023227203637361526,0.011419949121773243
wavfiles/178008-5.wav,American Robin,American Robin,0.9690663814544678,0.9690663814544678,0.017925642430782318,0.013007963076233864
wavfiles/178008-8.wav,American Robin,American Robin,0.8391223549842834,0.8391223549842834,0.095856212079525,0.06502149254083633
wavfiles/178008-9.wav,American Robin,Song Sparrow,0.3901359736919403,0.2623835802078247,0.3474804759025574,0.3901359736919403
wavfiles/313352-0.wav,American Robin,American Robin,0.9924103021621704,0.9924103021621704,0.004830448422580957,0.0027592319529503584
wavfiles/313352-1.wav,American Robin,American Robin,0.9828025698661804,0.9828025698661804,0.010520247742533684,0.0066772750578820705
wavfiles/313352-10.wav,American Robin,American Robin,0.9889702796936035,0.9889702796936035,0.00663029495626688,0.004399520345032215
wavfiles/313352-11.wav,American Robin,American Robin,0.9786514639854431,0.9786514639854431,0.013210264034569263,0.008138231001794338
wavfiles/313352-12.wav,American Robin,American Robin,0.9489121437072754,0.9489121437072754,0.02872670814394951,0.022361192852258682
wavfiles/313352-13.wav,American Robin,American Robin,0.9763778448104858,0.9763778448104858,0.014549131505191326,0.009072959423065186
wavfiles/313352-14.wav,American Robin,American Robin,0.8891403675079346,0.8891403675079346,0.0807064026594162,0.0301531795412302
wavfiles/313352-2.wav,American Robin,American Robin,0.9816965460777283,0.9816965460777283,0.00979181844741106,0.008511644788086414
wavfiles/313352-3.wav,American Robin,American Robin,0.9470818638801575,0.9470818638801575,0.01891498640179634,0.03400318697094917
wavfiles/313352-4.wav,American Robin,American Robin,0.983805239200592,0.983805239200592,0.010091308504343033,0.0061033908277750015
wavfiles/313352-7.wav,American Robin,American Robin,0.9840986132621765,0.9840986132621765,0.010731002315878868,0.0051704104989767075
wavfiles/313352-8.wav,American Robin,American Robin,0.9789125323295593,0.9789125323295593,0.013621295802295208,0.0074661532416939735
wavfiles/313352-9.wav,American Robin,American Robin,0.979107141494751,0.979107141494751,0.010055562481284142,0.010837298817932606
wavfiles/322572-0.wav,American Robin,American Robin,0.987084686756134,0.987084686756134,0.007571253925561905,0.005344101693481207
wavfiles/322572-1.wav,American Robin,American Robin,0.989768385887146,0.989768385887146,0.007099371403455734,0.003132294164970517
wavfiles/322572-10.wav,American Robin,American Robin,0.976180374622345,0.976180374622345,0.010452017188072205,0.013367659412324429
wavfiles/322572-11.wav,American Robin,American Robin,0.8544096946716309,0.8544096946716309,0.09301962703466415,0.05257072672247887
wavfiles/322572-12.wav,American Robin,American Robin,0.9835703372955322,0.9835703372955322,0.010587832890450954,0.005841822829097509
wavfiles/322572-13.wav,American Robin,American Robin,0.986382246017456,0.986382246017456,0.008417027071118355,0.00520068034529686
wavfiles/322572-14.wav,American Robin,American Robin,0.9825289249420166,0.9825289249420166,0.008395379409193993,0.0090756481513381
wavfiles/322572-15.wav,American Robin,American Robin,0.964588463306427,0.964588463306427,0.020409230142831802,0.01500239409506321
wavfiles/322572-16.wav,American Robin,American Robin,0.840198814868927,0.840198814868927,0.09142914414405823,0.06837206333875656
wavfiles/322572-2.wav,American Robin,American Robin,0.9863749742507935,0.9863749742507935,0.00772207323461771,0.005902981851249933
wavfiles/322572-3.wav,American Robin,American Robin,0.9736289381980896,0.9736289381980896,0.019551793113350868,0.006819145753979683
wavfiles/322572-4.wav,American Robin,American Robin,0.9667310118675232,0.9667310118675232,0.021701812744140625,0.011567176319658756
wavfiles/322572-5.wav,American Robin,American Robin,0.9406703114509583,0.9406703114509583,0.03442264720797539,0.024907037615776062
wavfiles/322572-6.wav,American Robin,American Robin,0.9817948341369629,0.9817948341369629,0.010825961828231812,0.007379175629466772
wavfiles/322572-7.wav,American Robin,American Robin,0.9685600996017456,0.9685600996017456,0.020146803930401802,0.011293018236756325
wavfiles/322572-8.wav,American Robin,American Robin,0.9797680974006653,0.9797680974006653,0.012829803861677647,0.007402084302157164
wavfiles/322572-9.wav,American Robin,American Robin,0.9795342683792114,0.9795342683792114,0.009314270690083504,0.01115150935947895
wavfiles/325132-0.wav,American Robin,American Robin,0.9606118202209473,0.9606118202209473,0.016338538378477097,0.023049747571349144
wavfiles/325132-1.wav,American Robin,American Robin,0.9261404871940613,0.9261404871940613,0.042493488639593124,0.03136609122157097
wavfiles/325132-2.wav,American Robin,American Robin,0.8056496381759644,0.8056496381759644,0.09137439727783203,0.10297593474388123
wavfiles/325132-3.wav,American Robin,Song Sparrow,0.735397458076477,0.12262851744890213,0.14197401702404022,0.735397458076477
wavfiles/325132-4.wav,American Robin,American Robin,0.7948477864265442,0.7948477864265442,0.03084580972790718,0.17430642247200012
wavfiles/325132-5.wav,American Robin,American Robin,0.96904456615448,0.96904456615448,0.01881883293390274,0.012136519886553288
wavfiles/325132-6.wav,American Robin,American Robin,0.9657865166664124,0.9657865166664124,0.021107371896505356,0.013106191530823708
wavfiles/325132-7.wav,American Robin,American Robin,0.9658942222595215,0.9658942222595215,0.014444265514612198,0.019661422818899155
wavfiles/325132-8.wav,American Robin,American Robin,0.47517719864845276,0.47517719864845276,0.09624304622411728,0.428579717874527
wavfiles/338199-0.wav,American Robin,American Robin,0.9814773201942444,0.9814773201942444,0.012551160529255867,0.0059714969247579575
wavfiles/338199-1.wav,American Robin,American Robin,0.9812350869178772,0.9812350869178772,0.011769005097448826,0.006995844189077616
wavfiles/338199-10.wav,American Robin,American Robin,0.9761838912963867,0.9761838912963867,0.014845742844045162,0.008970452472567558
wavfiles/338199-11.wav,American Robin,American Robin,0.7976704835891724,0.7976704835891724,0.04674617201089859,0.15558336675167084
wavfiles/338199-12.wav,American Robin,American Robin,0.9500406384468079,0.9500406384468079,0.03649499639868736,0.013464395888149738
wavfiles/338199-13.wav,American Robin,American Robin,0.8719091415405273,0.8719091415405273,0.10906191915273666,0.01902899518609047
wavfiles/338199-14.wav,American Robin,American Robin,0.9359483122825623,0.9359483122825623,0.038490813225507736,0.025560889393091202
wavfiles/338199-2.wav,American Robin,American Robin,0.9028332829475403,0.9028332829475403,0.06652145832777023,0.030645258724689484
wavfiles/338199-6.wav,American Robin,American Robin,0.9498633742332458,0.9498633742332458,0.03625524416565895,0.013881410472095013
wavfiles/338199-7.wav,American Robin,Northern Cardinal,0.84983229637146,0.12289343029260635,0.84983229637146,0.027274230495095253
wavfiles/338199-8.wav,American Robin,American Robin,0.9574621319770813,0.9574621319770813,0.022196700796484947,0.020341183990240097
wavfiles/338199-9.wav,American Robin,American Robin,0.981975257396698,0.981975257396698,0.011552825570106506,0.006471886299550533
wavfiles/408817-0.wav,American Robin,American Robin,0.9897687435150146,0.9897687435150146,0.006477074231952429,0.0037541883066296577
wavfiles/408817-1.wav,American Robin,American Robin,0.9923330545425415,0.9923330545425415,0.005247061140835285,0.002419904572889209
wavfiles/408817-10.wav,American Robin,American Robin,0.9846848249435425,0.9846848249435425,0.010802864097058773,0.004512323532253504
wavfiles/408817-11.wav,American Robin,American Robin,0.9741246104240417,0.9741246104240417,0.022624993696808815,0.0032503362745046616
wavfiles/408817-12.wav,American Robin,American Robin,0.988182008266449,0.988182008266449,0.009790412150323391,0.00202754489146173
wavfiles/408817-13.wav,American Robin,American Robin,0.9835719466209412,0.9835719466209412,0.011993888765573502,0.004434189759194851
wavfiles/408817-14.wav,American Robin,American Robin,0.9733822345733643,0.9733822345733643,0.019153792411088943,0.0074640801176428795
wavfiles/408817-15.wav,American Robin,American Robin,0.9764386415481567,0.9764386415481567,0.018201367929577827,0.005360012874007225
wavfiles/408817-16.wav,American Robin,American Robin,0.9746332764625549,0.9746332764625549,0.020090743899345398,0.0052759344689548016
wavfiles/408817-17.wav,American Robin,American Robin,0.9787716865539551,0.9787716865539551,0.016518624499440193,0.004709626082330942
wavfiles/408817-2.wav,American Robin,American Robin,0.9931731820106506,0.9931731820106506,0.004217165522277355,0.0026096634101122618
wavfiles/408817-3.wav,American Robin,American Robin,0.9908603429794312,0.9908603429794312,0.006486812140792608,0.0026528167072683573
wavfiles/408817-4.wav,American Robin,American Robin,0.994022786617279,0.994022786617279,0.003689149860292673,0.0022880800534039736
wavfiles/408817-5.wav,American Robin,American Robin,0.9896066784858704,0.9896066784858704,0.006974272429943085,0.003419049782678485
wavfiles/408817-6.wav,American Robin,American Robin,0.9946691393852234,0.9946691393852234,0.003349552396684885,0.001981191337108612
wavfiles/408817-7.wav,American Robin,American Robin,0.9861732721328735,0.9861732721328735,0.009716037660837173,0.004110601264983416
wavfiles/408817-8.wav,American Robin,American Robin,0.9915010929107666,0.9915010929107666,0.0059080044738948345,0.002590801799669862
wavfiles/408817-9.wav,American Robin,American Robin,0.9859921336174011,0.9859921336174011,0.008706138469278812,0.005301692523062229
wavfiles/469605-0.wav,American Robin,American Robin,0.9774676561355591,0.9774676561355591,0.01773899979889393,0.004793313331902027
wavfiles/469605-1.wav,American Robin,American Robin,0.9786067008972168,0.9786067008972168,0.014784117229282856,0.006609180476516485
wavfiles/469605-12.wav,American Robin,American Robin,0.9648948907852173,0.9648948907852173,0.021784238517284393,0.013320857658982277
wavfiles/469605-13.wav,American Robin,American Robin,0.941069483757019,0.941069483757019,0.0415450818836689,0.017385372892022133
wavfiles/469605-14.wav,American Robin,American Robin,0.9462761878967285,0.9462761878967285,0.02556132711470127,0.02816247008740902
wavfiles/469605-15.wav,American Robin,American Robin,0.9643837213516235,0.9643837213516235,0.01931045576930046,0.016305798664689064
wavfiles/469605-16.wav,American Robin,American Robin,0.9630030393600464,0.9630030393600464,0.017635762691497803,0.01936119981110096
wavfiles/469605-2.wav,American Robin,American Robin,0.9729865193367004,0.9729865193367004,0.016621889546513557,0.010391540825366974
wavfiles/469605-3.wav,American Robin,American Robin,0.952020525932312,0.952020525932312,0.02901712991297245,0.018962325528264046
wavfiles/469605-4.wav,American Robin,American Robin,0.7131023406982422,0.7131023406982422,0.23501445353031158,0.051883213222026825
wavfiles/469605-5.wav,American Robin,American Robin,0.9807937145233154,0.9807937145233154,0.011920832097530365,0.007285473868250847
wavfiles/469605-6.wav,American Robin,American Robin,0.9484508633613586,0.9484508633613586,0.03542047366499901,0.01612858474254608
wavfiles/469605-7.wav,American Robin,American Robin,0.8729122281074524,0.8729122281074524,0.10466752201318741,0.022420290857553482
wavfiles/469605-8.wav,American Robin,Northern Cardinal,0.9346106052398682,0.04876477271318436,0.9346106052398682,0.01662461832165718
wavfiles/562449-0.wav,American Robin,American Robin,0.931006133556366,0.931006133556366,0.009500187821686268,0.059493761509656906
wavfiles/562449-1.wav,American Robin,American Robin,0.9230100512504578,0.9230100512504578,0.011132129468023777,0.06585783511400223
wavfiles/562449-10.wav,American Robin,American Robin,0.8532072901725769,0.8532072901725769,0.02909456007182598,0.11769820004701614
wavfiles/562449-11.wav,American Robin,American Robin,0.7201313972473145,0.7201313972473145,0.040897127240896225,0.2389715611934662
wavfiles/562449-12.wav,American Robin,American Robin,0.8732659816741943,0.8732659816741943,0.024083809927105904,0.10265019536018372
wavfiles/562449-14.wav,American Robin,American Robin,0.7254630923271179,0.7254630923271179,0.04004204645752907,0.23449480533599854
wavfiles/562449-2.wav,American Robin,American Robin,0.9127694964408875,0.9127694964408875,0.01832457445561886,0.06890598684549332
wavfiles/562449-3.wav,American Robin,American Robin,0.9183588027954102,0.9183588027954102,0.01963864453136921,0.062002550810575485
wavfiles/562449-4.wav,American Robin,American Robin,0.877036452293396,0.877036452293396,0.01814247854053974,0.10482104122638702
wavfiles/562449-6.wav,American Robin,American Robin,0.9188314080238342,0.9188314080238342,0.015944328159093857,0.06522432714700699
wavfiles/562449-7.wav,American Robin,American Robin,0.8511885404586792,0.8511885404586792,0.023109789937734604,0.12570159137248993
wavfiles/562449-9.wav,American Robin,American Robin,0.6880456805229187,0.6880456805229187,0.05975218862295151,0.2522021234035492
wavfiles/82113-0.wav,Northern Cardinal,Northern Cardinal,0.974997878074646,0.014628156088292599,0.974997878074646,0.010373938828706741
wavfiles/82113-1.wav,Northern Cardinal,Northern Cardinal,0.9783122539520264,0.01257705595344305,0.9783122539520264,0.009110658429563046
wavfiles/82113-10.wav,Northern Cardinal,Northern Cardinal,0.9791653156280518,0.012094635516405106,0.9791653156280518,0.00874002743512392
wavfiles/82113-11.wav,Northern Cardinal,Northern Cardinal,0.9810879230499268,0.009966778568923473,0.9810879230499268,0.008945267647504807
wavfiles/82113-12.wav,Northern Cardinal,Northern Cardinal,0.98087078332901,0.010793942026793957,0.98087078332901,0.008335226215422153
wavfiles/82113-13.wav,Northern Cardinal,Northern Cardinal,0.98182213306427,0.009444918483495712,0.98182213306427,0.00873291864991188
wavfiles/82113-2.wav,Northern Cardinal,Northern Cardinal,0.9821995496749878,0.008977053686976433,0.9821995496749878,0.008823396638035774
wavfiles/82113-3.wav,Northern Cardinal,Northern Cardinal,0.9815773367881775,0.009594976902008057,0.9815773367881775,0.00882765557616949
wavfiles/82113-5.wav,Northern Cardinal,Northern Cardinal,0.9782760143280029,0.012587879784405231,0.9782760143280029,0.009136130101978779
wavfiles/82113-6.wav,Northern Cardinal,Northern Cardinal,0.9807907342910767,0.011086862534284592,0.9807907342910767,0.008122383616864681
wavfiles/82113-7.wav,Northern Cardinal,Northern Cardinal,0.9804075360298157,0.01065564714372158,0.9804075360298157,0.008936772122979164
wavfiles/82113-8.wav,Northern Cardinal,Northern Cardinal,0.9811460971832275,0.010219214484095573,0.9811460971832275,0.00863470695912838
wavfiles/143800-0.wav,Northern Cardinal,Northern Cardinal,0.9480863213539124,0.021671652793884277,0.9480863213539124,0.030242031440138817
wavfiles/143800-1.wav,Northern Cardinal,Northern Cardinal,0.9300023317337036,0.019168352708220482,0.9300023317337036,0.05082935839891434
wavfiles/143800-10.wav,Northern Cardinal,Northern Cardinal,0.9798081517219543,0.011172939091920853,0.9798081517219543,0.009018851444125175
wavfiles/143800-2.wav,Northern Cardinal,Northern Cardinal,0.6397916078567505,0.26840803027153015,0.6397916078567505,0.09180037677288055
wavfiles/143800-3.wav,Northern Cardinal,Northern Cardinal,0.9763050079345703,0.011222733184695244,0.9763050079345703,0.012472270987927914
wavfiles/143800-4.wav,Northern Cardinal,Northern Cardinal,0.9784588813781738,0.010493363253772259,0.9784588813781738,0.011047695763409138
wavfiles/143800-6.wav,Northern Cardinal,Northern Cardinal,0.9702324271202087,0.014040843583643436,0.9702324271202087,0.015726720914244652
wavfiles/143800-7.wav,Northern Cardinal,Northern Cardinal,0.9797276258468628,0.008552457205951214,0.9797276258468628,0.011719961650669575
wavfiles/143800-9.wav,Northern Cardinal,Northern Cardinal,0.9742360711097717,0.012117049656808376,0.9742360711097717,0.013646932318806648
wavfiles/165346-0.wav,Northern Cardinal,Northern Cardinal,0.963657557964325,0.024000708013772964,0.963657557964325,0.012341798283159733
wavfiles/165346-1.wav,Northern Cardinal,Northern Cardinal,0.9760317206382751,0.012936140410602093,0.9760317206382751,0.011032204143702984
wavfiles/165346-10.wav,Northern Cardinal,Northern Cardinal,0.9756786823272705,0.014396119862794876,0.9756786823272705,0.009925225749611855
wavfiles/165346-11.wav,Northern Cardinal,Northern Cardinal,0.9783817529678345,0.012338127940893173,0.9783817529678345,0.00928015261888504
wavfiles/165346-12.wav,Northern Cardinal,Northern Cardinal,0.9700078964233398,0.018033375963568687,0.9700078964233398,0.011958702467381954
wavfiles/165346-13.wav,Northern Cardinal,Northern Cardinal,0.9700430035591125,0.017268158495426178,0.9700430035591125,0.012688769027590752
wavfiles/165346-4.wav,Northern Cardinal,Northern Cardinal,0.9669995307922363,0.02143317274749279,0.9669995307922363,0.01156722940504551
wavfiles/165346-5.wav,Northern Cardinal,Northern Cardinal,0.9783707857131958,0.011574181728065014,0.9783707857131958,0.010054964572191238
wavfiles/165346-6.wav,Northern Cardinal,Northern Cardinal,0.9777317643165588,0.011033622547984123,0.9777317643165588,0.01123461127281189
wavfiles/165346-7.wav,Northern Cardinal,Northern Cardinal,0.9693571925163269,0.01958063431084156,0.9693571925163269,0.0110621377825737
wavfiles/165346-8.wav,Northern Cardinal,Northern Cardinal,0.9784098267555237,0.012077049352228642,0.9784098267555237,0.009513072669506073
wavfiles/165346-9.wav,Northern Cardinal,Northern Cardinal,0.9788368344306946,0.011119909584522247,0.9788368344306946,0.01004329975694418
wavfiles/175226-0.wav,Northern Cardinal,Northern Cardinal,0.8747507929801941,0.06150830537080765,0.8747507929801941,0.06374090909957886
wavfiles/175226-1.wav,Northern Cardinal,Northern Cardinal,0.9563020467758179,0.021492408588528633,0.9563020467758179,0.022205520421266556
wavfiles/175226-10.wav,Northern Cardinal,Northern Cardinal,0.9639078974723816,0.017428509891033173,0.9639078974723816,0.018663624301552773
wavfiles/175226-11.wav,Northern Cardinal,Northern Cardinal,0.97443026304245,0.012417428195476532,0.97443026304245,0.01315229944884777
wavfiles/175226-2.wav,Northern Cardinal,Northern Cardinal,0.9755714535713196,0.012673911638557911,0.9755714535713196,0.011754648759961128
wavfiles/175226-3.wav,Northern Cardinal,Northern Cardinal,0.9657366871833801,0.014628103002905846,0.9657366871833801,0.01963525451719761
wavfiles/175226-4.wav,Northern Cardinal,Northern Cardinal,0.40897896885871887,0.22340251505374908,0.40897896885871887,0.36761853098869324
wavfiles/175226-5.wav,Northern Cardinal,Northern Cardinal,0.9241985082626343,0.05213741585612297,0.9241985082626343,0.023664038628339767
wavfiles/175226-6.wav,Northern Cardinal,Northern Cardinal,0.9563527703285217,0.025559306144714355,0.9563527703285217,0.01808788999915123
wavfiles/175226-7.wav,Northern Cardinal,Northern Cardinal,0.9717875123023987,0.010842820629477501,0.9717875123023987,0.017369627952575684
wavfiles/175226-8.wav,Northern Cardinal,Northern Cardinal,0.8327242732048035,0.05208650603890419,0.8327242732048035,0.11518915742635727
wavfiles/175226-9.wav,Northern Cardinal,Northern Cardinal,0.9340775012969971,0.0366845428943634,0.9340775012969971,0.029237983748316765
wavfiles/205836-0.wav,Northern Cardinal,Northern Cardinal,0.9783370494842529,0.01109379529953003,0.9783370494842529,0.010569178499281406
wavfiles/205836-1.wav,Northern Cardinal,Northern Cardinal,0.9825916290283203,0.008030140772461891,0.9825916290283203,0.009378221817314625
wavfiles/205836-10.wav,Northern Cardinal,Northern Cardinal,0.9777766466140747,0.010595389641821384,0.9777766466140747,0.011627907864749432
wavfiles/205836-11.wav,Northern Cardinal,Northern Cardinal,0.9800164699554443,0.009174957871437073,0.9800164699554443,0.010808556340634823
wavfiles/205836-2.wav,Northern Cardinal,Northern Cardinal,0.9818564057350159,0.0069420225918293,0.9818564057350159,0.011201554909348488
wavfiles/205836-4.wav,Northern Cardinal,Northern Cardinal,0.9790291786193848,0.010866442695260048,0.9790291786193848,0.010104368440806866
wavfiles/205836-5.wav,Northern Cardinal,Northern Cardinal,0.980983555316925,0.008451413363218307,0.980983555316925,0.01056500431150198
wavfiles/205836-6.wav,Northern Cardinal,Northern Cardinal,0.9777116775512695,0.008322786539793015,0.9777116775512695,0.013965561054646969
wavfiles/205836-7.wav,Northern Cardinal,Northern Cardinal,0.9705867171287537,0.015429959632456303,0.9705867171287537,0.013983394019305706
wavfiles/205836-8.wav,Northern Cardinal,Northern Cardinal,0.974934995174408,0.011884050443768501,0.974934995174408,0.013180991634726524
wavfiles/205836-9.wav,Northern Cardinal,Northern Cardinal,0.9720686078071594,0.010681599378585815,0.9720686078071594,0.01724977046251297
wavfiles/325658-0.wav,Northern Cardinal,Song Sparrow,0.7356155514717102,0.03283204138278961,0.23155243694782257,0.7356155514717102
wavfiles/325658-1.wav,Northern Cardinal,Song Sparrow,0.817415177822113,0.021783914417028427,0.16080094873905182,0.817415177822113
wavfiles/325658-2.wav,Northern Cardinal,Song Sparrow,0.8767358064651489,0.020509837195277214,0.10275435447692871,0.8767358064651489
wavfiles/325658-3.wav,Northern Cardinal,Song Sparrow,0.9178915619850159,0.02883312478661537,0.053275346755981445,0.9178915619850159
wavfiles/325658-5.wav,Northern Cardinal,Song Sparrow,0.512732982635498,0.10034435987472534,0.386922687292099,0.512732982635498
wavfiles/325658-6.wav,Northern Cardinal,Northern Cardinal,0.5951650738716125,0.04754560813307762,0.5951650738716125,0.3572893440723419
wavfiles/325690-0.wav,Northern Cardinal,Northern Cardinal,0.9730786085128784,0.011862513609230518,0.9730786085128784,0.015058857388794422
wavfiles/325690-1.wav,Northern Cardinal,Northern Cardinal,0.9780936241149902,0.008752064779400826,0.9780936241149902,0.013154396787285805
wavfiles/325690-10.wav,Northern Cardinal,Northern Cardinal,0.968772292137146,0.009557058103382587,0.968772292137146,0.021670641377568245
wavfiles/325690-11.wav,Northern Cardinal,Song Sparrow,0.9627586007118225,0.02548568695783615,0.011755765415728092,0.9627586007118225
wavfiles/325690-2.wav,Northern Cardinal,Northern Cardinal,0.976586639881134,0.007816456258296967,0.976586639881134,0.015596927143633366
wavfiles/325690-3.wav,Northern Cardinal,Song Sparrow,0.9624151587486267,0.017122041434049606,0.020462801679968834,0.9624151587486267
wavfiles/325690-4.wav,Northern Cardinal,Northern Cardinal,0.9748801589012146,0.01016292069107294,0.9748801589012146,0.0149569446220994
wavfiles/325690-5.wav,Northern Cardinal,Northern Cardinal,0.980813205242157,0.008014153689146042,0.980813205242157,0.011172582395374775
wavfiles/325690-6.wav,Northern Cardinal,Northern Cardinal,0.9813705086708069,0.007451408077031374,0.9813705086708069,0.011178013868629932
wavfiles/325690-8.wav,Northern Cardinal,Northern Cardinal,0.9712327122688293,0.011690642684698105,0.9712327122688293,0.017076628282666206
wavfiles/325690-9.wav,Northern Cardinal,Northern Cardinal,0.9776129126548767,0.008431143127381802,0.9776129126548767,0.013955982401967049
wavfiles/382878-0.wav,Northern Cardinal,Northern Cardinal,0.9776711463928223,0.011817113496363163,0.9776711463928223,0.010511781089007854
wavfiles/382878-1.wav,Northern Cardinal,Northern Cardinal,0.9804075360298157,0.00949747022241354,0.9804075360298157,0.010095027275383472
wavfiles/382878-10.wav,Northern Cardinal,Northern Cardinal,0.9774298667907715,0.008869270794093609,0.9774298667907715,0.013700872659683228
wavfiles/382878-2.wav,Northern Cardinal,Northern Cardinal,0.9807743430137634,0.008168906904757023,0.9807743430137634,0.0110567482188344
wavfiles/382878-4.wav,Northern Cardinal,Northern Cardinal,0.9776394367218018,0.011649726890027523,0.9776394367218018,0.010710779577493668
wavfiles/382878-5.wav,Northern Cardinal,Northern Cardinal,0.9816570281982422,0.00891275703907013,0.9816570281982422,0.009430239908397198
wavfiles/382878-6.wav,Northern Cardinal,Northern Cardinal,0.9826357364654541,0.007834717631340027,0.9826357364654541,0.009529546834528446
wavfiles/382878-8.wav,Northern Cardinal,Northern Cardinal,0.9786737561225891,0.010582489892840385,0.9786737561225891,0.010743815451860428
wavfiles/382878-9.wav,Northern Cardinal,Northern Cardinal,0.9813041687011719,0.008561632595956326,0.9813041687011719,0.010134215466678143
wavfiles/409009-0.wav,Northern Cardinal,Northern Cardinal,0.9675949811935425,0.012624830938875675,0.9675949811935425,0.019780250266194344
wavfiles/409009-1.wav,Northern Cardinal,Northern Cardinal,0.9735230803489685,0.013466473668813705,0.9735230803489685,0.01301049068570137
wavfiles/409009-2.wav,Northern Cardinal,Northern Cardinal,0.9771315455436707,0.008893443271517754,0.9771315455436707,0.01397501491010189
wavfiles/409009-3.wav,Northern Cardinal,Northern Cardinal,0.9713394641876221,0.009047426283359528,0.9713394641876221,0.019613083451986313
wavfiles/409009-4.wav,Northern Cardinal,Northern Cardinal,0.9586705565452576,0.022822793573141098,0.9586705565452576,0.018506651744246483
wavfiles/409009-5.wav,Northern Cardinal,Northern Cardinal,0.9757249355316162,0.011569694615900517,0.9757249355316162,0.012705340050160885
wavfiles/409009-6.wav,Northern Cardinal,Northern Cardinal,0.9753114581108093,0.011920501478016376,0.9753114581108093,0.01276804693043232
wavfiles/409009-7.wav,Northern Cardinal,Northern Cardinal,0.48447874188423157,0.35339781641960144,0.48447874188423157,0.16212351620197296
wavfiles/415386-0.wav,Northern Cardinal,Northern Cardinal,0.5593629479408264,0.06413066387176514,0.5593629479408264,0.37650641798973083
wavfiles/415386-1.wav,Northern Cardinal,Song Sparrow,0.6894996166229248,0.05497104302048683,0.2555293142795563,0.6894996166229248
wavfiles/415386-10.wav,Northern Cardinal,Song Sparrow,0.6250178217887878,0.05407675728201866,0.3209054470062256,0.6250178217887878
wavfiles/415386-11.wav,Northern Cardinal,Northern Cardinal,0.8821759819984436,0.01891588419675827,0.8821759819984436,0.09890811890363693
wavfiles/415386-12.wav,Northern Cardinal,American Robin,0.49507591128349304,0.49507591128349304,0.16272644698619843,0.34219762682914734
wavfiles/415386-13.wav,Northern Cardinal,Song Sparrow,0.79937744140625,0.03270953893661499,0.16791307926177979,0.79937744140625
wavfiles/415386-14.wav,Northern Cardinal,Northern Cardinal,0.7003047466278076,0.027829663828015327,0.7003047466278076,0.2718656063079834
wavfiles/415386-15.wav,Northern Cardinal,Northern Cardinal,0.9200848937034607,0.01206523273140192,0.9200848937034607,0.06784990429878235
wavfiles/415386-16.wav,Northern Cardinal,Song Sparrow,0.7122332453727722,0.11372960358858109,0.1740371733903885,0.7122332453727722
wavfiles/415386-17.wav,Northern Cardinal,Song Sparrow,0.5751811861991882,0.33936384320259094,0.08545494079589844,0.5751811861991882
wavfiles/415386-18.wav,Northern Cardinal,Song Sparrow,0.8541325926780701,0.06815212219953537,0.07771521806716919,0.8541325926780701
wavfiles/415386-2.wav,Northern Cardinal,Northern Cardinal,0.8213265538215637,0.033406272530555725,0.8213265538215637,0.14526720345020294
wavfiles/415386-3.wav,Northern Cardinal,Song Sparrow,0.6604791879653931,0.06123005971312523,0.2782907783985138,0.6604791879653931
wavfiles/415386-4.wav,Northern Cardinal,Song Sparrow,0.5443748235702515,0.17023970186710358,0.28538548946380615,0.5443748235702515
wavfiles/415386-5.wav,Northern Cardinal,Northern Cardinal,0.5800533294677734,0.0511200837790966,0.5800533294677734,0.36882659792900085
wavfiles/415386-6.wav,Northern Cardinal,Northern Cardinal,0.8972357511520386,0.017054570838809013,0.8972357511520386,0.08570963889360428
wavfiles/415386-7.wav,Northern Cardinal,Northern Cardinal,0.9560143351554871,0.012333311140537262,0.9560143351554871,0.03165239095687866
wavfiles/415386-8.wav,Northern Cardinal,Northern Cardinal,0.9824346899986267,0.007157810963690281,0.9824346899986267,0.010407444089651108
wavfiles/415386-9.wav,Northern Cardinal,Song Sparrow,0.5457168817520142,0.04167800396680832,0.4126051068305969,0.5457168817520142
wavfiles/460604-0.wav,Northern Cardinal,Northern Cardinal,0.9672397375106812,0.013259880244731903,0.9672397375106812,0.01950042136013508
wavfiles/460604-1.wav,Northern Cardinal,Northern Cardinal,0.9759499430656433,0.010601941496133804,0.9759499430656433,0.013448098674416542
wavfiles/460604-10.wav,Northern Cardinal,Northern Cardinal,0.9599247574806213,0.013944528996944427,0.9599247574806213,0.026130644604563713
wavfiles/460604-2.wav,Northern Cardinal,Northern Cardinal,0.9781674146652222,0.009386462159454823,0.9781674146652222,0.012446152977645397
wavfiles/460604-4.wav,Northern Cardinal,Northern Cardinal,0.9645039439201355,0.015349638648331165,0.9645039439201355,0.020146477967500687
wavfiles/460604-5.wav,Northern Cardinal,Northern Cardinal,0.9790285229682922,0.009883240796625614,0.9790285229682922,0.011088287457823753
wavfiles/460604-6.wav,Northern Cardinal,Northern Cardinal,0.9800792336463928,0.008811351843178272,0.9800792336463928,0.011109407059848309
wavfiles/460604-7.wav,Northern Cardinal,Song Sparrow,0.7342774271965027,0.21110649406909943,0.05461609363555908,0.7342774271965027
wavfiles/460604-8.wav,Northern Cardinal,Northern Cardinal,0.9581255912780762,0.01492566429078579,0.9581255912780762,0.026948774233460426
wavfiles/460604-9.wav,Northern Cardinal,Northern Cardinal,0.9784231781959534,0.009356875903904438,0.9784231781959534,0.012219924479722977
wavfiles/489171-0.wav,Northern Cardinal,Northern Cardinal,0.9025244116783142,0.014197266660630703,0.9025244116783142,0.08327833563089371
wavfiles/489171-1.wav,Northern Cardinal,Northern Cardinal,0.875580370426178,0.0140351802110672,0.875580370426178,0.11038446426391602
wavfiles/489171-10.wav,Northern Cardinal,Song Sparrow,0.7981218099594116,0.02136658877134323,0.18051165342330933,0.7981218099594116
wavfiles/489171-11.wav,Northern Cardinal,Northern Cardinal,0.6235895752906799,0.04336338862776756,0.6235895752906799,0.3330470025539398
wavfiles/489171-12.wav,Northern Cardinal,Northern Cardinal,0.7879225611686707,0.039581336081027985,0.7879225611686707,0.17249616980552673
wavfiles/489171-2.wav,Northern Cardinal,Northern Cardinal,0.8880303502082825,0.01680786721408367,0.8880303502082825,0.0951618030667305
wavfiles/489171-3.wav,Northern Cardinal,Northern Cardinal,0.6726596355438232,0.1270299255847931,0.6726596355438232,0.20031040906906128
wavfiles/489171-4.wav,Northern Cardinal,Northern Cardinal,0.9005143046379089,0.015650197863578796,0.9005143046379089,0.08383548259735107
wavfiles/489171-5.wav,Northern Cardinal,Song Sparrow,0.582614541053772,0.017802229151129723,0.39958322048187256,0.582614541053772
wavfiles/489171-6.wav,Northern Cardinal,Northern Cardinal,0.9481942057609558,0.014086499810218811,0.9481942057609558,0.0377192385494709
wavfiles/489171-7.wav,Northern Cardinal,Song Sparrow,0.7534540891647339,0.18514752388000488,0.06139837205410004,0.7534540891647339
wavfiles/489171-8.wav,Northern Cardinal,Northern Cardinal,0.9098734259605408,0.013080751523375511,0.9098734259605408,0.07704579830169678
wavfiles/489171-9.wav,Northern Cardinal,Northern Cardinal,0.9497274160385132,0.009134444408118725,0.9497274160385132,0.041138142347335815
wavfiles/542090-0.wav,Northern Cardinal,Northern Cardinal,0.9790728688240051,0.010681303218007088,0.9790728688240051,0.01024580467492342
wavfiles/542090-1.wav,Northern Cardinal,Northern Cardinal,0.9799514412879944,0.010322961024940014,0.9799514412879944,0.009725590236485004
wavfiles/542090-10.wav,Northern Cardinal,Northern Cardinal,0.9788727760314941,0.010795146226882935,0.9788727760314941,0.010332041420042515
wavfiles/542090-13.wav,Northern Cardinal,Northern Cardinal,0.9811795353889465,0.010216760449111462,0.9811795353889465,0.008603674359619617
wavfiles/542090-14.wav,Northern Cardinal,Northern Cardinal,0.982207179069519,0.008432302623987198,0.982207179069519,0.009360539726912975
wavfiles/542090-15.wav,Northern Cardinal,Northern Cardinal,0.9834131002426147,0.00744397658854723,0.9834131002426147,0.009142979979515076
wavfiles/542090-2.wav,Northern Cardinal,Northern Cardinal,0.9796236157417297,0.010651513934135437,0.9796236157417297,0.009724905714392662
wavfiles/542090-3.wav,Northern Cardinal,Northern Cardinal,0.9809190630912781,0.00997825339436531,0.9809190630912781,0.009102662093937397
wavfiles/542090-4.wav,Northern Cardinal,Northern Cardinal,0.9823847413063049,0.00917794182896614,0.9823847413063049,0.008437261916697025
wavfiles/542090-5.wav,Northern Cardinal,Northern Cardinal,0.9778008460998535,0.010614918544888496,0.9778008460998535,0.011584240943193436
wavfiles/542090-6.wav,Northern Cardinal,Northern Cardinal,0.9810842871665955,0.010243368335068226,0.9810842871665955,0.008672391064465046
wavfiles/542090-7.wav,Northern Cardinal,Northern Cardinal,0.9778741002082825,0.010904521681368351,0.9778741002082825,0.011221309192478657
wavfiles/542090-8.wav,Northern Cardinal,Northern Cardinal,0.977220892906189,0.009016125462949276,0.977220892906189,0.01376295741647482
wavfiles/542090-9.wav,Northern Cardinal,Northern Cardinal,0.9589412212371826,0.02013951539993286,0.9589412212371826,0.020919224247336388
wavfiles/564311-0.wav,Northern Cardinal,Northern Cardinal,0.583734393119812,0.3455069661140442,0.583734393119812,0.0707586482167244
wavfiles/564311-1.wav,Northern Cardinal,Northern Cardinal,0.9312199354171753,0.043841615319252014,0.9312199354171753,0.024938425049185753
wavfiles/564311-10.wav,Northern Cardinal,American Robin,0.8498938679695129,0.8498938679695129,0.06199852004647255,0.08810756355524063
wavfiles/564311-11.wav,Northern Cardinal,Northern Cardinal,0.9275885224342346,0.043764978647232056,0.9275885224342346,0.02864643931388855
wavfiles/564311-12.wav,Northern Cardinal,Northern Cardinal,0.9576484560966492,0.025553608313202858,0.9576484560966492,0.01679789461195469
wavfiles/564311-13.wav,Northern Cardinal,Northern Cardinal,0.9439903497695923,0.03495926782488823,0.9439903497695923,0.021050354465842247
wavfiles/564311-16.wav,Northern Cardinal,Northern Cardinal,0.9511818885803223,0.02992447093129158,0.9511818885803223,0.018893619999289513
wavfiles/564311-17.wav,Northern Cardinal,Northern Cardinal,0.9529998898506165,0.02864224463701248,0.9529998898506165,0.01835787110030651
wavfiles/564311-2.wav,Northern Cardinal,Northern Cardinal,0.9511628746986389,0.03072630614042282,0.9511628746986389,0.018110839650034904
wavfiles/564311-3.wav,Northern Cardinal,Northern Cardinal,0.9380627274513245,0.04079955071210861,0.9380627274513245,0.021137775853276253
wavfiles/564311-4.wav,Northern Cardinal,Northern Cardinal,0.9289702773094177,0.047943152487277985,0.9289702773094177,0.023086559027433395
wavfiles/564311-5.wav,Northern Cardinal,American Robin,0.9196140170097351,0.9196140170097351,0.031025920063257217,0.04936003312468529
wavfiles/564311-6.wav,Northern Cardinal,Northern Cardinal,0.9515112638473511,0.030276067554950714,0.9515112638473511,0.018212713301181793
wavfiles/564311-7.wav,Northern Cardinal,Northern Cardinal,0.9504706859588623,0.03372194245457649,0.9504706859588623,0.01580742560327053
wavfiles/564311-8.wav,Northern Cardinal,Northern Cardinal,0.9360820055007935,0.04445648938417435,0.9360820055007935,0.01946152001619339
wavfiles/564311-9.wav,Northern Cardinal,Northern Cardinal,0.4719751179218292,0.4601878523826599,0.4719751179218292,0.06783707439899445
wavfiles/62782-0.wav,Song Sparrow,Song Sparrow,0.9745897650718689,0.012586420401930809,0.012823831290006638,0.9745897650718689
wavfiles/62782-1.wav,Song Sparrow,Song Sparrow,0.9753487706184387,0.013895783573389053,0.010755492374300957,0.9753487706184387
wavfiles/62782-2.wav,Song Sparrow,Song Sparrow,0.9666717052459717,0.014955949038267136,0.018372301012277603,0.9666717052459717
wavfiles/62782-3.wav,Song Sparrow,Song Sparrow,0.9776613116264343,0.00999816507101059,0.012340517714619637,0.9776613116264343
wavfiles/62782-4.wav,Song Sparrow,Song Sparrow,0.9170119762420654,0.021970832720398903,0.0610172413289547,0.9170119762420654
wavfiles/62782-5.wav,Song Sparrow,Song Sparrow,0.9154549241065979,0.04267946630716324,0.04186563566327095,0.9154549241065979
wavfiles/62782-6.wav,Song Sparrow,Song Sparrow,0.9821764230728149,0.010408827103674412,0.0074147614650428295,0.9821764230728149
wavfiles/62782-7.wav,Song Sparrow,Song Sparrow,0.865173876285553,0.06895588338375092,0.0658702552318573,0.865173876285553
wavfiles/62782-8.wav,Song Sparrow,Song Sparrow,0.9597135782241821,0.015343500301241875,0.02494288794696331,0.9597135782241821
wavfiles/62782-9.wav,Song Sparrow,Song Sparrow,0.9776352643966675,0.008116358891129494,0.014248437248170376,0.9776352643966675
wavfiles/125711-0.wav,Song Sparrow,Song Sparrow,0.8475520014762878,0.05325360223650932,0.09919437766075134,0.8475520014762878
wavfiles/125711-1.wav,Song Sparrow,Song Sparrow,0.967240035533905,0.015695318579673767,0.017064595595002174,0.967240035533905
wavfiles/125711-10.wav,Song Sparrow,Song Sparrow,0.9542551636695862,0.01518195029348135,0.03056279942393303,0.9542551636695862
wavfiles/125711-11.wav,Song Sparrow,Song Sparrow,0.9615382552146912,0.011495618149638176,0.026966050267219543,0.9615382552146912
wavfiles/125711-12.wav,Song Sparrow,Song Sparrow,0.9667612910270691,0.00897117517888546,0.024267548695206642,0.9667612910270691
wavfiles/125711-2.wav,Song Sparrow,Song Sparrow,0.7973475456237793,0.036235369741916656,0.16641712188720703,0.7973475456237793
wavfiles/125711-3.wav,Song Sparrow,Song Sparrow,0.9001755118370056,0.0318731889128685,0.0679512768983841,0.9001755118370056
wavfiles/125711-4.wav,Song Sparrow,Song Sparrow,0.8542499542236328,0.0303972065448761,0.11535286158323288,0.8542499542236328
wavfiles/125711-5.wav,Song Sparrow,Song Sparrow,0.8739221096038818,0.06162552908062935,0.06445243209600449,0.8739221096038818
wavfiles/125711-6.wav,Song Sparrow,Song Sparrow,0.9558048844337463,0.01643039658665657,0.02776479907333851,0.9558048844337463
wavfiles/125711-7.wav,Song Sparrow,Song Sparrow,0.953009307384491,0.01293584518134594,0.03405486047267914,0.953009307384491
wavfiles/125711-8.wav,Song Sparrow,Song Sparrow,0.9250988960266113,0.017401067540049553,0.05750006437301636,0.9250988960266113
wavfiles/125717-0.wav,Song Sparrow,Song Sparrow,0.9701322913169861,0.010573584586381912,0.019294092431664467,0.9701322913169861
wavfiles/125717-1.wav,Song Sparrow,Song Sparrow,0.9804642796516418,0.006968021392822266,0.01256770920008421,0.9804642796516418
wavfiles/125717-13.wav,Song Sparrow,Song Sparrow,0.9696596264839172,0.010337739251554012,0.020002583041787148,0.9696596264839172
wavfiles/125717-9.wav,Song Sparrow,Song Sparrow,0.9665233492851257,0.00784331001341343,0.02563333325088024,0.9665233492851257
wavfiles/125721-0.wav,Song Sparrow,Song Sparrow,0.9708431363105774,0.012414749711751938,0.016742171719670296,0.9708431363105774
wavfiles/125721-1.wav,Song Sparrow,Song Sparrow,0.980655312538147,0.00927609484642744,0.010068630799651146,0.980655312538147
wavfiles/125721-2.wav,Song Sparrow,Song Sparrow,0.9764233231544495,0.009366050362586975,0.014210628345608711,0.9764233231544495
wavfiles/125721-3.wav,Song Sparrow,Song Sparrow,0.8119476437568665,0.12864843010902405,0.05940387025475502,0.8119476437568665
wavfiles/125721-7.wav,Song Sparrow,Song Sparrow,0.9684779047966003,0.013225132599473,0.018296968191862106,0.9684779047966003
wavfiles/125721-8.wav,Song Sparrow,Song Sparrow,0.9818369746208191,0.006646501831710339,0.011516506783664227,0.9818369746208191
wavfiles/125721-9.wav,Song Sparrow,Song Sparrow,0.900989830493927,0.020440135151147842,0.07856994867324829,0.900989830493927
wavfiles/131649-0.wav,Song Sparrow,Song Sparrow,0.9741355180740356,0.010222100652754307,0.015642410144209862,0.9741355180740356
wavfiles/131649-1.wav,Song Sparrow,Song Sparrow,0.9278311729431152,0.030415000393986702,0.041753750294446945,0.9278311729431152
wavfiles/131649-2.wav,Song Sparrow,Song Sparrow,0.9576587677001953,0.013043810613453388,0.02929750084877014,0.9576587677001953
wavfiles/131649-3.wav,Song Sparrow,Northern Cardinal,0.923670768737793,0.025326047092676163,0.923670768737793,0.05100313201546669
wavfiles/131649-4.wav,Song Sparrow,American Robin,0.5911884903907776,0.5911884903907776,0.16775862872600555,0.24105288088321686
wavfiles/133566-0.wav,Song Sparrow,Song Sparrow,0.969516396522522,0.01264763344079256,0.017835961654782295,0.969516396522522
wavfiles/133566-1.wav,Song Sparrow,Song Sparrow,0.9601927995681763,0.013719998300075531,0.026087218895554543,0.9601927995681763
wavfiles/133566-10.wav,Song Sparrow,Song Sparrow,0.9686915278434753,0.008162522688508034,0.023145968094468117,0.9686915278434753
wavfiles/133566-11.wav,Song Sparrow,Song Sparrow,0.9705420136451721,0.014304365031421185,0.01515363808721304,0.9705420136451721
wavfiles/133566-12.wav,Song Sparrow,Song Sparrow,0.967055082321167,0.01355469785630703,0.01939021609723568,0.967055082321167
wavfiles/133566-2.wav,Song Sparrow,Song Sparrow,0.9578520655632019,0.013250201009213924,0.028897717595100403,0.9578520655632019
wavfiles/133566-4.wav,Song Sparrow,Song Sparrow,0.9753495454788208,0.010790216736495495,0.013860192149877548,0.9753495454788208
wavfiles/133566-8.wav,Song Sparrow,Song Sparrow,0.9735272526741028,0.011628439649939537,0.014844333752989769,0.9735272526741028
wavfiles/133566-9.wav,Song Sparrow,Song Sparrow,0.9721883535385132,0.010611253790557384,0.017200399190187454,0.9721883535385132
wavfiles/133568-0.wav,Song Sparrow,Song Sparrow,0.9695746898651123,0.011153606697916985,0.019271723926067352,0.9695746898651123
wavfiles/133568-1.wav,Song Sparrow,Song Sparrow,0.9804795980453491,0.0083619961515069,0.011158428154885769,0.9804795980453491
wavfiles/133568-10.wav,Song Sparrow,Song Sparrow,0.9868829846382141,0.006285549141466618,0.006831490434706211,0.9868829846382141
wavfiles/133568-2.wav,Song Sparrow,Song Sparrow,0.9850111603736877,0.0072269076481461525,0.0077619231306016445,0.9850111603736877
wavfiles/133568-4.wav,Song Sparrow,Song Sparrow,0.9768110513687134,0.009280349127948284,0.013908655382692814,0.9768110513687134
wavfiles/133568-5.wav,Song Sparrow,Song Sparrow,0.9806724190711975,0.007996759377419949,0.011330761015415192,0.9806724190711975
wavfiles/133568-8.wav,Song Sparrow,Song Sparrow,0.95441073179245,0.012259230017662048,0.03333006426692009,0.95441073179245
wavfiles/133568-9.wav,Song Sparrow,Song Sparrow,0.9824488162994385,0.007852544076740742,0.009698599576950073,0.9824488162994385
wavfiles/142619-0.wav,Song Sparrow,Song Sparrow,0.9740758538246155,0.009523103013634682,0.01640102081000805,0.9740758538246155
wavfiles/142619-1.wav,Song Sparrow,Song Sparrow,0.9767484664916992,0.008980653248727322,0.014270834624767303,0.9767484664916992
wavfiles/142619-10.wav,Song Sparrow,Song Sparrow,0.9823035597801208,0.010316585190594196,0.007379874121397734,0.9823035597801208
wavfiles/142619-4.wav,Song Sparrow,Song Sparrow,0.975512683391571,0.009219910949468613,0.015267363749444485,0.975512683391571
wavfiles/142619-5.wav,Song Sparrow,Song Sparrow,0.9799423217773438,0.008986394852399826,0.011071378365159035,0.9799423217773438
wavfiles/142619-6.wav,Song Sparrow,Song Sparrow,0.9846311211585999,0.007501597516238689,0.007867344655096531,0.9846311211585999
wavfiles/142619-7.wav,Song Sparrow,Song Sparrow,0.9729457497596741,0.01862853392958641,0.008425634354352951,0.9729457497596741
wavfiles/142619-8.wav,Song Sparrow,Song Sparrow,0.9754101037979126,0.009794238954782486,0.014795700088143349,0.9754101037979126
wavfiles/142619-9.wav,Song Sparrow,Song Sparrow,0.981877326965332,0.008228236809372902,0.009894546121358871,0.981877326965332
wavfiles/144116-0.wav,Song Sparrow,Song Sparrow,0.9577707052230835,0.019815223291516304,0.022414034232497215,0.9577707052230835
wavfiles/144116-1.wav,Song Sparrow,Song Sparrow,0.9680874943733215,0.015773802995681763,0.016138654202222824,0.9680874943733215
wavfiles/144116-10.wav,Song Sparrow,Song Sparrow,0.9610861539840698,0.022342031821608543,0.016571860760450363,0.9610861539840698
wavfiles/144116-11.wav,Song Sparrow,Song Sparrow,0.9464345574378967,0.0361088328063488,0.01745661161839962,0.9464345574378967
wavfiles/144116-2.wav,Song Sparrow,Song Sparrow,0.9544786214828491,0.0165010504424572,0.029020432382822037,0.9544786214828491
wavfiles/144116-3.wav,Song Sparrow,Song Sparrow,0.869077205657959,0.10493149608373642,0.025991247966885567,0.869077205657959
wavfiles/144116-4.wav,Song Sparrow,American Robin,0.9344913363456726,0.9344913363456726,0.009736011736094952,0.05577266961336136
wavfiles/144116-5.wav,Song Sparrow,Song Sparrow,0.9574401378631592,0.01925981231033802,0.023300012573599815,0.9574401378631592
wavfiles/144116-6.wav,Song Sparrow,Song Sparrow,0.9655956029891968,0.01557878963649273,0.018825555220246315,0.9655956029891968
wavfiles/144116-7.wav,Song Sparrow,Song Sparrow,0.963542640209198,0.015594168566167355,0.02086317166686058,0.963542640209198
wavfiles/144116-9.wav,Song Sparrow,Song Sparrow,0.9400523900985718,0.04209282994270325,0.017854729667305946,0.9400523900985718
wavfiles/172442-0.wav,Song Sparrow,Song Sparrow,0.9633170366287231,0.012573863379657269,0.024109063670039177,0.9633170366287231
wavfiles/172442-1.wav,Song Sparrow,Song Sparrow,0.9716998338699341,0.010334135964512825,0.017965955659747124,0.9716998338699341
wavfiles/172442-4.wav,Song Sparrow,Song Sparrow,0.9670278429985046,0.012363940477371216,0.020608140155673027,0.9670278429985046
wavfiles/172442-5.wav,Song Sparrow,Song Sparrow,0.9742125272750854,0.010709431022405624,0.015078045427799225,0.9742125272750854
wavfiles/175509-10.wav,Song Sparrow,Song Sparrow,0.46575164794921875,0.32384493947029114,0.2104034423828125,0.46575164794921875
wavfiles/175509-11.wav,Song Sparrow,Song Sparrow,0.9722986817359924,0.012758917175233364,0.01494237594306469,0.9722986817359924
wavfiles/175509-12.wav,Song Sparrow,Song Sparrow,0.9764243364334106,0.012151200324296951,0.01142439991235733,0.9764243364334106
wavfiles/175509-13.wav,Song Sparrow,Song Sparrow,0.9756227135658264,0.009874967858195305,0.014502374455332756,0.9756227135658264
wavfiles/175509-3.wav,Song Sparrow,American Robin,0.5364764928817749,0.5364764928817749,0.08434731513261795,0.37917622923851013
wavfiles/175509-4.wav,Song Sparrow,American Robin,0.5912657380104065,0.5912657380104065,0.08779528737068176,0.3209390342235565
wavfiles/175509-5.wav,Song Sparrow,American Robin,0.513165295124054,0.513165295124054,0.10376928746700287,0.383065402507782
wavfiles/175509-7.wav,Song Sparrow,Song Sparrow,0.9647530913352966,0.018549542874097824,0.016697311773896217,0.9647530913352966
wavfiles/175509-8.wav,Song Sparrow,Song Sparrow,0.9662216901779175,0.01709543727338314,0.016682947054505348,0.9662216901779175
wavfiles/175509-9.wav,Song Sparrow,Song Sparrow,0.9593599438667297,0.018779201433062553,0.021860845386981964,0.9593599438667297
wavfiles/189286-0.wav,Song Sparrow,Song Sparrow,0.97944575548172,0.009291782043874264,0.011262422427535057,0.97944575548172
wavfiles/189286-1.wav,Song Sparrow,Song Sparrow,0.9817720651626587,0.007691582199186087,0.010536311194300652,0.9817720651626587
wavfiles/189286-10.wav,Song Sparrow,Song Sparrow,0.983134388923645,0.007356937974691391,0.009508693590760231,0.983134388923645
wavfiles/189286-2.wav,Song Sparrow,Song Sparrow,0.9776884317398071,0.007963421754539013,0.014348171651363373,0.9776884317398071
wavfiles/189286-4.wav,Song Sparrow,Song Sparrow,0.9804290533065796,0.009382521733641624,0.010188487358391285,0.9804290533065796
wavfiles/189286-5.wav,Song Sparrow,Song Sparrow,0.9811082482337952,0.007552003487944603,0.01133967936038971,0.9811082482337952
wavfiles/189286-6.wav,Song Sparrow,Song Sparrow,0.9805042743682861,0.00730134267359972,0.012194434180855751,0.9805042743682861
wavfiles/189286-8.wav,Song Sparrow,Song Sparrow,0.9782186150550842,0.009992565028369427,0.01178890559822321,0.9782186150550842
wavfiles/189286-9.wav,Song Sparrow,Song Sparrow,0.979536235332489,0.008590595796704292,0.011873165145516396,0.979536235332489
wavfiles/225619-0.wav,Song Sparrow,Song Sparrow,0.9637374877929688,0.015369045548141003,0.02089345082640648,0.9637374877929688
wavfiles/225619-1.wav,Song Sparrow,Song Sparrow,0.9763186573982239,0.009914252907037735,0.013767085038125515,0.9763186573982239
wavfiles/225619-10.wav,Song Sparrow,Song Sparrow,0.9583911299705505,0.01780874840915203,0.023800181224942207,0.9583911299705505
wavfiles/225619-2.wav,Song Sparrow,Song Sparrow,0.9779537916183472,0.008790121413767338,0.013256039470434189,0.9779537916183472
wavfiles/225619-4.wav,Song Sparrow,Song Sparrow,0.9671656489372253,0.012968886643648148,0.01986551843583584,0.9671656489372253
wavfiles/225619-5.wav,Song Sparrow,Song Sparrow,0.980613112449646,0.00914708524942398,0.01023976132273674,0.980613112449646
wavfiles/225619-6.wav,Song Sparrow,Song Sparrow,0.9743102788925171,0.007216507103294134,0.018473146483302116,0.9743102788925171
wavfiles/225619-8.wav,Song Sparrow,Song Sparrow,0.9620473980903625,0.018643278628587723,0.019309258088469505,0.9620473980903625
wavfiles/225619-9.wav,Song Sparrow,Song Sparrow,0.9734958410263062,0.012821605429053307,0.013682469725608826,0.9734958410263062
wavfiles/246812-0.wav,Song Sparrow,Song Sparrow,0.9579660892486572,0.01663386821746826,0.025400057435035706,0.9579660892486572
wavfiles/246812-1.wav,Song Sparrow,Song Sparrow,0.960999608039856,0.013827568851411343,0.0251728855073452,0.960999608039856
wavfiles/246812-10.wav,Song Sparrow,American Robin,0.7411481738090515,0.7411481738090515,0.09320497512817383,0.16564682126045227
wavfiles/246812-2.wav,Song Sparrow,Song Sparrow,0.9068067669868469,0.04474818333983421,0.04844500496983528,0.9068067669868469
wavfiles/246812-3.wav,Song Sparrow,Song Sparrow,0.751326322555542,0.035633549094200134,0.21304015815258026,0.751326322555542
wavfiles/246812-4.wav,Song Sparrow,Song Sparrow,0.9306765198707581,0.022968819364905357,0.046354737132787704,0.9306765198707581
wavfiles/246812-5.wav,Song Sparrow,Song Sparrow,0.9606655836105347,0.01878148503601551,0.020552895963191986,0.9606655836105347
wavfiles/246812-6.wav,Song Sparrow,Song Sparrow,0.9468114972114563,0.02458692342042923,0.02860156074166298,0.9468114972114563
wavfiles/246812-8.wav,Song Sparrow,Song Sparrow,0.8795246481895447,0.035511717200279236,0.08496358245611191,0.8795246481895447
wavfiles/246812-9.wav,Song Sparrow,Song Sparrow,0.9581732153892517,0.016519293189048767,0.025307558476924896,0.9581732153892517
wavfiles/288000-0.wav,Song Sparrow,Song Sparrow,0.9762217402458191,0.009339910931885242,0.014438413083553314,0.9762217402458191
wavfiles/288000-1.wav,Song Sparrow,Song Sparrow,0.9764267206192017,0.010499638505280018,0.013073605485260487,0.9764267206192017
wavfiles/288000-10.wav,Song Sparrow,Song Sparrow,0.671382486820221,0.061336029320955276,0.2672814428806305,0.671382486820221
wavfiles/288000-2.wav,Song Sparrow,Song Sparrow,0.9650739431381226,0.010946571826934814,0.02397950179874897,0.9650739431381226
wavfiles/288000-3.wav,Song Sparrow,Song Sparrow,0.748690664768219,0.07885269820690155,0.17245662212371826,0.748690664768219
wavfiles/288000-4.wav,Song Sparrow,Song Sparrow,0.9645007252693176,0.01489228568971157,0.02060691826045513,0.9645007252693176
wavfiles/288000-5.wav,Song Sparrow,Song Sparrow,0.948591411113739,0.01825789362192154,0.03315066918730736,0.948591411113739
wavfiles/288000-6.wav,Song Sparrow,Song Sparrow,0.8709057569503784,0.03676624223589897,0.09232796728610992,0.8709057569503784
wavfiles/288000-7.wav,Song Sparrow,Northern Cardinal,0.9388844966888428,0.044423237442970276,0.9388844966888428,0.016692280769348145
wavfiles/288000-8.wav,Song Sparrow,Song Sparrow,0.963129460811615,0.014152205549180508,0.022718412801623344,0.963129460811615
wavfiles/288000-9.wav,Song Sparrow,Song Sparrow,0.9513769149780273,0.01651536114513874,0.032107751816511154,0.9513769149780273
wavfiles/309650-0.wav,Song Sparrow,Northern Cardinal,0.7819843888282776,0.017484642565250397,0.7819843888282776,0.20053094625473022
wavfiles/309650-1.wav,Song Sparrow,Song Sparrow,0.9421916007995605,0.010234792716801167,0.047573622316122055,0.9421916007995605
wavfiles/309650-3.wav,Song Sparrow,Northern Cardinal,0.7722523808479309,0.018370235338807106,0.7722523808479309,0.20937739312648773
wavfiles/309650-4.wav,Song Sparrow,Song Sparrow,0.8438555002212524,0.01887652464210987,0.13726800680160522,0.8438555002212524
wavfiles/309650-5.wav,Song Sparrow,Song Sparrow,0.9223290085792542,0.04493750259280205,0.03273343667387962,0.9223290085792542
wavfiles/309650-6.wav,Song Sparrow,Northern Cardinal,0.8307934403419495,0.018048906698822975,0.8307934403419495,0.15115763247013092
wavfiles/309650-7.wav,Song Sparrow,Northern Cardinal,0.6386570930480957,0.01844460517168045,0.6386570930480957,0.34289827942848206
wavfiles/309650-8.wav,Song Sparrow,Song Sparrow,0.9403680562973022,0.03426668420433998,0.025365184992551804,0.9403680562973022
wavfiles/408127-0.wav,Song Sparrow,Song Sparrow,0.9695345759391785,0.011398726142942905,0.019066685810685158,0.9695345759391785
wavfiles/408127-1.wav,Song Sparrow,Song Sparrow,0.9789832830429077,0.008643126115202904,0.012373595498502254,0.9789832830429077
wavfiles/408127-2.wav,Song Sparrow,Song Sparrow,0.9785280823707581,0.009997842833399773,0.011474072933197021,0.9785280823707581
wavfiles/408127-3.wav,Song Sparrow,Song Sparrow,0.9519081711769104,0.037988197058439255,0.010103534907102585,0.9519081711769104
wavfiles/408127-4.wav,Song Sparrow,Song Sparrow,0.9703369140625,0.011321647092700005,0.018341507762670517,0.9703369140625
wavfiles/408127-5.wav,Song Sparrow,Song Sparrow,0.9830306172370911,0.007371129468083382,0.009598255157470703,0.9830306172370911
wavfiles/408127-6.wav,Song Sparrow,Song Sparrow,0.7410315871238708,0.17812520265579224,0.08084317296743393,0.7410315871238708
wavfiles/426314-0.wav,Song Sparrow,Song Sparrow,0.9627739191055298,0.01772645302116871,0.01949954219162464,0.9627739191055298
wavfiles/426314-1.wav,Song Sparrow,Song Sparrow,0.9676295518875122,0.01397643145173788,0.018393997102975845,0.9676295518875122
wavfiles/426314-10.wav,Song Sparrow,Song Sparrow,0.9649530649185181,0.014598242938518524,0.020448647439479828,0.9649530649185181
wavfiles/426314-11.wav,Song Sparrow,Song Sparrow,0.8842763304710388,0.07046711444854736,0.04525647684931755,0.8842763304710388
wavfiles/426314-2.wav,Song Sparrow,Song Sparrow,0.9809126257896423,0.007659390568733215,0.01142795104533434,0.9809126257896423
wavfiles/426314-4.wav,Song Sparrow,Song Sparrow,0.930829644203186,0.02446989342570305,0.04470040649175644,0.930829644203186
wavfiles/426314-5.wav,Song Sparrow,Song Sparrow,0.9589086771011353,0.011764626018702984,0.02932662144303322,0.9589086771011353
wavfiles/426314-6.wav,Song Sparrow,Song Sparrow,0.9746127724647522,0.010513913817703724,0.014873220585286617,0.9746127724647522
wavfiles/426314-8.wav,Song Sparrow,Song Sparrow,0.9415750503540039,0.025097481906414032,0.033327408134937286,0.9415750503540039
wavfiles/426314-9.wav,Song Sparrow,Song Sparrow,0.9541634321212769,0.02000412903726101,0.02583242394030094,0.9541634321212769
wavfiles/481115-0.wav,Song Sparrow,American Robin,0.8794887065887451,0.8794887065887451,0.06828101724386215,0.052230242639780045
wavfiles/481115-1.wav,Song Sparrow,Northern Cardinal,0.795488715171814,0.17712447047233582,0.795488715171814,0.0273868627846241
wavfiles/481115-10.wav,Song Sparrow,Song Sparrow,0.8555321097373962,0.05430137366056442,0.09016648679971695,0.8555321097373962
wavfiles/481115-11.wav,Song Sparrow,Song Sparrow,0.7512949109077454,0.08671866357326508,0.16198642551898956,0.7512949109077454
wavfiles/481115-12.wav,Song Sparrow,American Robin,0.940379798412323,0.940379798412323,0.032625287771224976,0.02699492685496807
wavfiles/481115-2.wav,Song Sparrow,American Robin,0.8361960649490356,0.8361960649490356,0.1235726997256279,0.040231186896562576
wavfiles/481115-3.wav,Song Sparrow,Northern Cardinal,0.870496392250061,0.11153361946344376,0.870496392250061,0.01797003485262394
wavfiles/481115-4.wav,Song Sparrow,Northern Cardinal,0.8786508440971375,0.08581998944282532,0.8786508440971375,0.03552917018532753
wavfiles/481115-5.wav,Song Sparrow,Song Sparrow,0.8208982348442078,0.020215954631567,0.15888580679893494,0.8208982348442078
wavfiles/481115-6.wav,Song Sparrow,Song Sparrow,0.9316293597221375,0.011409778147935867,0.05696084722876549,0.9316293597221375
wavfiles/481115-7.wav,Song Sparrow,Northern Cardinal,0.9168083071708679,0.018155591562390327,0.9168083071708679,0.06503607332706451
wavfiles/481115-8.wav,Song Sparrow,Song Sparrow,0.6305270195007324,0.30274447798728943,0.06672850996255875,0.6305270195007324
wavfiles/481115-9.wav,Song Sparrow,Song Sparrow,0.9532045722007751,0.016576474532485008,0.030218973755836487,0.9532045722007751
wavfiles/490353-11.wav,Song Sparrow,Song Sparrow,0.9479880928993225,0.017312632873654366,0.03469927981495857,0.9479880928993225
wavfiles/490353-12.wav,Song Sparrow,Song Sparrow,0.9435680508613586,0.023821396753191948,0.032610587775707245,0.9435680508613586
wavfiles/490353-14.wav,Song Sparrow,Song Sparrow,0.9132945537567139,0.03667836636304855,0.050026971846818924,0.9132945537567139
wavfiles/490353-15.wav,Song Sparrow,Song Sparrow,0.8890076875686646,0.061646975576877594,0.049345362931489944,0.8890076875686646
wavfiles/490353-4.wav,Song Sparrow,Song Sparrow,0.9188504815101624,0.036767326295375824,0.04438212886452675,0.9188504815101624
wavfiles/490353-5.wav,Song Sparrow,Song Sparrow,0.9421814680099487,0.02538304775953293,0.032435499131679535,0.9421814680099487
wavfiles/490353-6.wav,Song Sparrow,Song Sparrow,0.9590027332305908,0.01756255328655243,0.023434672504663467,0.9590027332305908
wavfiles/565240-0.wav,Song Sparrow,Song Sparrow,0.9774486422538757,0.012010572478175163,0.01054089330136776,0.9774486422538757
wavfiles/565240-1.wav,Song Sparrow,Song Sparrow,0.9822940230369568,0.007953697815537453,0.009752362966537476,0.9822940230369568
wavfiles/565240-10.wav,Song Sparrow,Song Sparrow,0.9831721782684326,0.007225795648992062,0.009601950645446777,0.9831721782684326
wavfiles/565240-4.wav,Song Sparrow,Song Sparrow,0.9808643460273743,0.010404404252767563,0.008731207810342312,0.9808643460273743
wavfiles/565240-5.wav,Song Sparrow,Song Sparrow,0.9831273555755615,0.007975221611559391,0.0088974479585886,0.9831273555755615
wavfiles/565240-6.wav,Song Sparrow,Song Sparrow,0.9830684661865234,0.008027910254895687,0.008903613314032555,0.9830684661865234
wavfiles/565240-7.wav,Song Sparrow,Song Sparrow,0.5894184708595276,0.10942251980304718,0.3011590838432312,0.5894184708595276
wavfiles/565240-8.wav,Song Sparrow,Song Sparrow,0.9752262830734253,0.011911415494978428,0.012862280011177063,0.9752262830734253
wavfiles/565240-9.wav,Song Sparrow,Song Sparrow,0.9862583875656128,0.00715427054092288,0.006587218958884478,0.9862583875656128
